{"cameraMode":{"drawMode":0,"name":"Shaded","section":"Shading Mode"},"sceneLighting":false,"audioPlay":false,"sceneViewState":{"showFog":true,"showMaterialUpdate":true,"showSkybox":true,"showFlares":true,"showImageEffects":true,"showParticleSystems":true},"in2DMode":false,"pivot":{"x":-132.14195251464845,"y":79.56324768066406,"z":1.0226821899414063},"rotation":{"x":0.17900459468364716,"y":0.5129618644714356,"z":-0.11026044189929962,"w":0.8323218822479248},"size":27.852794647216798,"orthographic":false}