{"cameraMode":{"drawMode":0,"name":"Shaded","section":"Shading Mode"},"sceneLighting":false,"audioPlay":false,"sceneViewState":{"showFog":true,"showMaterialUpdate":true,"showSkybox":false,"showFlares":true,"showImageEffects":true,"showParticleSystems":true},"in2DMode":false,"pivot":{"x":0.349517822265625,"y":1.4828130006790162,"z":-0.20215684175491334},"rotation":{"x":0.10945618152618408,"y":-0.47265276312828066,"z":0.059296105057001117,"w":0.8724169135093689},"size":3.6111817359924318,"orthographic":false}